id,name,age,email
3,Name_3,28,email_3@example.com
6,Name_6,28,email_6@example.com
17,Name_17,20,email_17@example.com
18,Name_18,26,email_18@example.com
23,Name_23,24,email_23@example.com
26,Name_26,26,email_26@example.com
43,Name_43,20,email_43@example.com
44,Name_44,29,email_44@example.com
47,Name_47,25,email_47@example.com
48,Name_48,27,email_48@example.com
49,Name_49,18,email_49@example.com
58,Name_58,19,email_58@example.com
61,Name_61,23,email_61@example.com
65,Name_65,24,email_65@example.com
68,Name_68,29,email_68@example.com
69,Name_69,28,email_69@example.com
78,Name_78,27,email_78@example.com
101,Name_101,18,email_101@example.com
104,Name_104,22,email_104@example.com
105,Name_105,22,email_105@example.com
109,Name_109,19,email_109@example.com
115,Name_115,25,email_115@example.com
117,Name_117,22,email_117@example.com
121,Name_121,27,email_121@example.com
124,Name_124,19,email_124@example.com
126,Name_126,29,email_126@example.com
130,Name_130,20,email_130@example.com
131,Name_131,19,email_131@example.com
136,Name_136,23,email_136@example.com
157,Name_157,25,email_157@example.com
158,Name_158,18,email_158@example.com
162,Name_162,18,email_162@example.com
163,Name_163,25,email_163@example.com
180,Name_180,23,email_180@example.com
184,Name_184,29,email_184@example.com
185,Name_185,25,email_185@example.com
187,Name_187,29,email_187@example.com
188,Name_188,24,email_188@example.com
201,Name_201,23,email_201@example.com
205,Name_205,27,email_205@example.com
213,Name_213,18,email_213@example.com
216,Name_216,19,email_216@example.com
220,Name_220,20,email_220@example.com
223,Name_223,23,email_223@example.com
233,Name_233,21,email_233@example.com
235,Name_235,23,email_235@example.com
239,Name_239,28,email_239@example.com
241,Name_241,20,email_241@example.com
245,Name_245,25,email_245@example.com
248,Name_248,20,email_248@example.com
255,Name_255,21,email_255@example.com
260,Name_260,25,email_260@example.com
261,Name_261,23,email_261@example.com
268,Name_268,21,email_268@example.com
276,Name_276,21,email_276@example.com
282,Name_282,29,email_282@example.com
284,Name_284,26,email_284@example.com
286,Name_286,29,email_286@example.com
287,Name_287,20,email_287@example.com
288,Name_288,18,email_288@example.com
289,Name_289,19,email_289@example.com
295,Name_295,28,email_295@example.com
298,Name_298,18,email_298@example.com
299,Name_299,29,email_299@example.com
316,Name_316,19,email_316@example.com
319,Name_319,26,email_319@example.com
325,Name_325,29,email_325@example.com
327,Name_327,28,email_327@example.com
329,Name_329,21,email_329@example.com
331,Name_331,25,email_331@example.com
335,Name_335,23,email_335@example.com
336,Name_336,20,email_336@example.com
337,Name_337,29,email_337@example.com
344,Name_344,29,email_344@example.com
345,Name_345,22,email_345@example.com
350,Name_350,23,email_350@example.com
351,Name_351,24,email_351@example.com
364,Name_364,26,email_364@example.com
368,Name_368,26,email_368@example.com
389,Name_389,23,email_389@example.com
395,Name_395,26,email_395@example.com
405,Name_405,18,email_405@example.com
417,Name_417,22,email_417@example.com
430,Name_430,28,email_430@example.com
434,Name_434,22,email_434@example.com
437,Name_437,29,email_437@example.com
446,Name_446,27,email_446@example.com
447,Name_447,29,email_447@example.com
448,Name_448,24,email_448@example.com
450,Name_450,20,email_450@example.com
453,Name_453,23,email_453@example.com
454,Name_454,27,email_454@example.com
472,Name_472,27,email_472@example.com
475,Name_475,22,email_475@example.com
477,Name_477,23,email_477@example.com
480,Name_480,25,email_480@example.com
485,Name_485,21,email_485@example.com
493,Name_493,22,email_493@example.com
500,Name_500,26,email_500@example.com
